Key,Chinese,English
card_effect_1,持续：使我方该区域总血量翻倍。,Ongoing: Your total health is doubled at this location.
card_effect_2,我方在该区域放置单位时，自身 +1 血量。,"When you play a unit here, +1 health."
card_effect_3,持续：双方都在此区域拥有4个单位时，自身 +5 血量。,"Ongoing: When both sides have 4 units in this area, +5 health."
card_effect_4,持续：我方战场每有1个其它单位，自身 +1 血量。,"Ongoing: For every other unit on your battlefield, self +1 health."
card_effect_5,持续：若该单位有相邻单位，自身 +1 血量。,Ongoing: +1 health if this unit has adjacent units.
card_effect_6,持续：为相邻的单位 +4 血量。,Ongoing: +4 health to adjacent units.
card_effect_7,持续：在此区域中，与该单位相邻位置内的单位揭示效果可触发两次。,Ongoing: The reveal effect of the units adjacent to this unit can be triggered twice.
card_effect_8,持续：若此单位是你在该区域中唯一单位，则自身 +5 血量。,Ongoing: +5 health if this is your only unit here.
card_effect_9,揭示：随机选择我方战场上其他3个单位，使其 +2 血量。,On Reveal: Give 3 other friendly units +2 health randomly.
card_effect_10,揭示：在此区域中，每有一个其他我方单位，自身 +2 血量。,"On Reveal: For each other friendly unit in this area, self has +2 health."
card_effect_11,揭示：该单位在我方区域后排放置时，自身 +2 血量。,"On Reveal: When this unit is placed on the last row, it has +2 health to itself."
card_effect_12,揭示：若下回合我方在本区域放置了单位，则自身 +2 血量。,"On Reveal: If you play a unit in this location next round, self +2 health."
card_effect_13,持续：使我方战场上无特殊效果的单位 +3 血量。,Ongoing:  +3 health to all no ability units on your battlefield.
card_effect_14,揭示：移除战场上所有我方单位的特殊效果。,On Reveal: Removed special effects from all friendly units on the battlefield.
card_effect_15,持续：敌方在该区域有4个单位时，自身 -3 血量。,Ongoing:  -3 health if your opponent has 4 units here.
card_effect_16,揭示：为我方手牌中的卡牌 +1 血量。,On Reveal: +1 health for each card in your hand.
card_effect_17,揭示：为战场上所有我方有持续技能的单位 +2 血量。,On Reveal: +2 health to all your Ongoing units on the battlefield.
card_effect_18,揭示：若敌方本回合在相同位置放置了单位，自身 +5 血量。,"On Reveal: if your opponent played a unit here this turn, +5 health."
card_effect_19,揭示：使敌方此区域中所有单位 -1 血量。,On Reveal: Afflict all enemy units here with -1 health.
card_effect_20,揭示：移除敌方该区域所有单位的持续效果。,On Reveal: Remove the abilities from all Ongoing units in the opponent's side.
card_effect_21,揭示：使敌方战场上所有1费单位 -1 血量。,Reveal: Give -1 HP to all 1-Cost units on the opponent's battlefield.
card_effect_22,揭示：若敌方本回合在该区域放置了单位，为自身 +3 血量。,"On Reveal: If your opponent played a unit here this turn, +3 health."
card_effect_23,揭示：若敌方本回合在本区域前排放置了单位，则对方该单位 -2 血量。,"On Reveal: If the your opponent played the unit in the first rows this turn, that opponent's unit -2 health."
card_effect_25,揭示：敌方本区域第一排的单位 -1 血量。,On Reveal: Opponent's unit in the first row of this location -1 health.
card_effect_26,揭示：敌方战场上后排的所有单位 -1 血量。,On Reveal: All units in the back row on the opponent field -1 health.
card_effect_27,揭示：该单位在我方最后一排放置时，使敌方本区域内所有单位 -1 血量。,"On Reveal: When this unit is played in the last row of the location , all opponent's unit here will -1 health."
card_effect_28,揭示：移除敌方与该单位相同位置单位的特殊效果。,On Reveal: Remove the abilities from oppoent's unit in the same location as this unit.
card_effect_30,揭示：从我方牌库顶端抽 1 张牌。,On Reveal: Draw 1 card from the top of your deck.
card_effect_31,揭示：重新触发该区域所有单位的揭示效果。,On Reveal: Retriggers the On Reveal abilities of your other units at this location.
card_effect_32,揭示：下回合双方玩家只能在该区域放置卡牌。,"On Reveal: Next turn, both players can only play cards in this location."
card_effect_33,每回合结束时，每有一点未消耗的费用，自身 +1 血量。,"At the end of each turn, self +1 health for each enegry of unspent cost."
card_effect_34,揭示：将敌方本区域内所有单位向前移动1格。,On Reveal: Move all opponent's units in here forward by 1 space.
card_effect_35,揭示：下个回合中，双方均可将自己的单位移动至本区域中。,"On Reveal: Next turn, both sides can move units into this location."
card_effect_36,在该区域中，每当有卡牌进行移动时，自身 +1 血量。,"In this location, whenever a unit moves, self +1 health."
card_effect_37,揭示：将我方战场上血量最大的单位移动至该单位的后方。,On Reveal: Move the unit with the most health on our battlefield to the back of this unit.
card_effect_39,揭示：使我方战场上所有单位向左移动1格。,On Reveal: Move all units on your battlefield to the left by 1 space.
card_effect_40,揭示：使我方左右两个区域内的所有单位的位置进行互换。,On Reveal: Swap the positions of all units in your two location.
card_effect_41,该单位移动时，自身 +3 血量。,"When this moves, +3 health."
card_effect_42,若该单位移动后处在最后一排时，自身 +3 血量。,"If the unit is moving to the last row, +3 health."
card_effect_43,在第3回合时，若有单位移动至该区域，则摧毁该单位。,"On the 3rd turn, if a unit moves to here, destroy the unit."
card_effect_44,揭示：将本回合对手放置的首个单位，移动至此区域。,On Reveal: Move the first unit played by the opponent this turn to here.
card_effect_45,揭示：使你放置的下一个单位向右移动1格。,On Reveal: Moves the next unit you play 1 block to the right.
card_effect_46,该单位每回合的准备阶段皆可移动一次。,This unit can move once per turn.
card_effect_48,无特殊效果,No Ability
card_effect_49,无特殊效果,No Ability
card_effect_50,无特殊效果,No Ability
card_effect_51,无特殊效果,No Ability
card_effect_52,无特殊效果,No Ability
card_effect_53,无特殊效果,No Ability
card_effect_54,揭示：将此牌附着在相邻单位身上，目标单位会获得该单位的血量。,"On Reveal: Merga this card to an adjacent unit, and the target unit gains that unit's health."
card_effect_55,我方在该区域放置单位时，自身 +1 血量。,"When you play a unit here, +1 health."
card_effect_56,持续：我方战场每有1个其它单位，自身 +1 血量。,"Ongoing: For every other unit on your battlefield, self +1 health."
card_effect_57,持续：若该单位有相邻单位，自身 +2 血量。,Ongoing: +2 health if this unit has adjacent units.
card_effect_58,持续：为相邻的单位 +2 血量。,Ongoing: +2 health to adjacent units.
card_effect_59,持续：在此区域中，与该单位相邻位置内的单位揭示效果可触发两次。,Ongoing: The reveal effect of the units adjacent to this unit can be triggered twice.
card_effect_60,揭示：若此单位是你在该区域中唯一单位，则自身 +4 血量。,On Reveal: +4 health if this is your only unit here.
card_effect_61,揭示：在此区域中，每有一个其他我方单位，自身 +2 血量。,"On Reveal: For each other friendly unit in this area, self has +2 health."
card_effect_62,揭示：该单位在我方区域后排放置时，自身 +2 血量。,"On Reveal: When this unit is placed on the last row, it has +2 health to itself."
card_effect_63,揭示：若下回合我方在本区域放置了单位，则自身 +4 血量。,"On Reveal: If you play a unit in this location next round, self +4 health."
card_effect_64,揭示：使我方战场上无特殊效果的单位 +2 血量。,On Reveal:  +2 health to all no ability units on your battlefield.
card_effect_65,揭示：移除战场上所有我方单位的特殊效果。,On Reveal: Removed special effects from all friendly units on the battlefield.
card_effect_66,持续：敌方在该区域有4个单位时，自身 -3 血量。,Ongoing:  -3 health if your opponent has 4 units here.
card_effect_67,揭示：为我方手牌中的卡牌 +1 血量。,On Reveal: +1 health for each card in your hand.
card_effect_68,揭示：为战场上所有我方有持续技能的单位 +2 血量。,On Reveal: +2 health to all your Ongoing units on the battlefield.
card_effect_70,揭示：移除敌方该区域所有单位的持续效果。,On Reveal: Remove the abilities from all Ongoing units in the opponent's side.
card_effect_71,揭示：若敌方本回合在该区域放置了单位，为自身 +4 血量。,"On Reveal: If your opponent played a unit here this turn, +4 health."
card_effect_72,揭示：敌方战场上后排的所有单位 -1 血量。,On Reveal: All units in the back row on the opponent field -1 health.
card_effect_73,揭示：该单位在我方最后一排放置时，使敌方本区域内所有单位 -1 血量。,"On Reveal: When this unit is played in the last row of the location , all opponent's unit here will -1 health."
card_effect_74,揭示：移除敌方与该单位相同位置单位的特殊效果。,On Reveal: Remove the abilities from oppoent's unit in the same location as this unit.
card_effect_75,揭示：从我方牌库顶端抽 1 张牌。,On Reveal: Draw 1 card from the top of your deck.
card_effect_76,揭示：重新触发该区域所有单位的揭示效果。,On Reveal: Retriggers the On Reveal abilities of your other units at this location.
card_effect_77,揭示：下回合双方玩家只能在该区域放置单位。,"On Reveal: Next round, both players can only place units in this location."
card_effect_78,每回合结束时，每有一点未消耗的费用，自身 +1 血量。,"At the end of each turn, self +1 health for each enegry of unspent cost."
card_effect_79,揭示：将敌方本区域内所有单位向前移动1格。,On Reveal: Move all opponent's units in here forward by 1 space.
card_effect_80,揭示：下个回合中，双方均可将自己的单位移动至本区域中。,"On Reveal: Next turn, both sides can move units into this location."
card_effect_81,在该区域中，每当有其它单位进行移动时，自身 +1 血量。,"In this location, whenever another unit moves, self +1 health."
card_effect_81,揭示：将我方战场上血量最大的单位移动至该单位的后方。,On Reveal: Move the unit with the most health on our battlefield to the back of this unit.
card_effect_84,揭示：使我方战场上所有单位向左移动1格。,On Reveal: Move all units on your battlefield to the left by 1 space.
card_effect_85,揭示：使我方左右两个区域内的所有单位的位置进行互换。,On Reveal: Swap the positions of all units in your two location.
card_effect_86,该单位移动时，自身 +2 血量。,"When this unit moves, self +2 health."
card_effect_87,若该单位移动后处在最后一排时，自身 +3 血量。,"If the unit is moving to the last row, +3 health."
card_effect_88,无特殊效果,No Ability
card_effect_89,无特殊效果,No Ability
card_effect_90,无特殊效果,No Ability
card_effect_91,无特殊效果,No Ability
card_effect_92,无特殊效果,No Ability
card_effect_93,无特殊效果,No Ability
card_effect_94,持续：使我方战场上所有揭示技能单位 +2 血量。,Ongoing: Give all On Reveal units on your battlefield +2 health.
card_effect_95,持续：使我方战场上所有揭示技能单位 +1 血量。,Ongoing: Give all On Reveal units on your battlefield +1 health.
card_effect_96,揭示：从对手牌库顶端抽 1 张牌。,On Reveal: Draw 1 card from the top of your opponent's deck.
card_effect_97,揭示：从对手牌库顶端抽 1 张牌。,On Reveal: Draw 1 card from the top of your opponent's deck.
card_effect_98,揭示：若敌方本回合在本区域后排放置了单位，则自身 +3 血量。,"On Reveal: If the opponent has played a unit in the back row of this location this round, self +3 health."
card_effect_99,揭示：若敌方本回合在本区域后排放置了单位，则自身 +2 血量。,"On Reveal: If the opponent has played a unit in the back row of this location this round, self +2 health."
card_effect_100,有单位移动至该区域时，自身 +2 血量。,"When a unit moves to this location, self +2 health."
card_effect_101,有单位移动至该区域时，自身 +1 血量。,"When a unit moves to this location, self +1 health."
card_effect_102,揭示：敌方本区域同列单位 -2 血量。,On Reveal: Opponent's unit in the same row in this location -2 health.
card_effect_103,揭示：敌方本区域同列单位 -1 血量。,On Reveal: Opponent's unit in the same row in this location -1 health.
card_effect_104,揭示：在此区域中，与该单位相邻位置内的单位持续效果翻倍。,On Reveal: Doubled Ongoing ability if unit adjacent to this unit in this location.
card_effect_105,揭示：在此区域中，与该单位相邻位置内的单位持续效果翻倍。,On Reveal: Doubled Ongoing ability if unit adjacent to this unit in this location.
card_effect_106,揭示：使你放置的下一个单位向右移动1格。,On Reveal: Moves the next unit you play 1 block to the right.
card_effect_107,揭示：下个回合中，敌方无法在该区域添加或移除单位。,On Reveal: Opponent cannot play or remove units to this location for the next turn.