Key,Content
account,Account
account_89t_login_desc,
account_89t_login_title,89Trillion Account Login
account_connect_desc,"For the security of your account, it is recommended to bind the associated account to avoid loss of progress!"
account_connect_title,Connect Account
account_delete,Delete Account
account_delete_desc_1,
account_delete_desc_2,
account_delete_desc_warning_1,
account_delete_desc_warning_2,
account_delete_error,Account Deletion Failed
account_delete_id_error,
account_delete_input_preaceholder,
account_guest_bind,
account_log_out,Log Out
account_login,Login/Register
account_login_fail,Login Failed
account_switch,
account_verify_desc_format,
account_verify_error,"Verification code error,please make sure you entreed the latest received verification"
account_verify_title,Verification Code
achievement,
active,
apple_login,Sign in with Apple
apply,
back,
battle_card_less_error,
blood_bar,
bp_get_advance_tips,
bp_name,
bp_purchase_desc,
bp_reward_lock,
bp_unlock_tips,
cancel,Cancel
card,Card
card_desc_normal,
card_family,
card_family_detail_card_number,
card_family_detail_max_level,
card_family_detail_split,
card_group_join_limit_error,
card_group_paste_format_error,"Parse failed,Please check the code"
card_group_paste_limit_error,"Parse failed,Card number exceeds the limit"
card_group_paste_missing_error,Some cards are missing
card_join,
card_name_title,
card_none,
card_remove,
card_skin,
card_split,
card_split_desc,
card_upgrade_desc,Are you sure cost {0} to upgrade card and award {1} exp;
chat_add_friend,
chat_chat,Chat
chat_friend,Friends
chat_no_find,
chat_search_placeholder,
claim,Claim
claim_fail,Claim Fail
claim_lv_Insufficient_format,
claimed,
clan,
clan_no_clan,
close,
coming_soon,
communities,
confirm,
conins,
connect_close,
connect_error,
connect_error_btn,
connect_error_msg,
contact_us,
delete,
edit,
effects,
email_error,"Email format error ,please re-enter."
email_input_preaceholder,
ends_in,
exp_desc,
exp_info_desc,
exp_title,Road of Growth
exp_unlock_desc_format,
filter,
finish,
follow_us,
free,
gems,
google_play,
great_value,
group,
growth_box,
growth_road,
q,"Every time you accumulate {0} points,you can get 1 treasure chest"
guest,
help,
home,
inbox,
info,
Key,English
loading,
max,
merge,
merge_desc,
merge_title,
more,
news,
normal,
notice,
ok,
paste,
pattern,
play,
privacy_policy,
purchase,
purchase_confirm_desc, 
purchased,
rank_arena_desc,
rank_arena_name,
recently_use,
recommend,Recommended
refresh_in,
rename_desc,
rename_placeholder,
rename_title,
replace,
resource_101,Coins
resource_132,
resource_2,Emeralds
resource_201,Gems
resource_3,Exclusive Tokens
resource_30,
resource_301,
resource_5,
resource_desc_32,Cards and resource can be obtained from treasure chests
resource_232,
resource_332,
resource_432,
resource_4,
resource_401, 
resource_501,Magic Dusts
resource_desc_101,
resource_desc_2,
resource_desc_201,
resource_desc_3,
resource_desc_30,
resource_desc_301,
resource_desc_5,
resource_desc_4,
resource_desc_401,
resource_desc_501,
resource_not_enough_101,
resource_not_enough_102,
resource_not_enough_201,
resource_not_enough_common,
rewards,rewards
save,
season_format,
setting,
setting_game_setting,
setting_user_setting,
share,
shop,
shop_tab_resource,
shop_tab_supply,
shop_window_quick_up,
shop_window_quick_up_desc,
social_account,
sort,
submit,
support,
task_all_clear,
task_claim_success,claim task successful.....
task_claim_title,
task_no_find,
task_refresh_desc,
task_title_1,
task_title_2,
task_title_3,
team,
terms_desc_format,
terms_of_service,
terms_of_use,
tips_empty,
upgrade,
use,
user,
water_fee,
lv_format,
max_lv_card_num,
card_split_times,
number_of_id_cards,
acquisition_time,
card_merge_tips,
duplicate_res_convert,
growth_chest_unlock_tip,
copy,Copy
copy_failed,Copy Failed
copied,Copied
create,Create
created,Created {0}
create_success,Created Successfully
cant_empty,Can Not Be Empty
search,Search
search_advanced,Advanced Search
search_failed,Search failed. Please try again.
search_no_results,No results could be found.
id_colon,ID:
enter_nameOrID,Enter {0} name or ID
enter_name,Enter {0} name
info,Info
unlimited,Unlimited
limit_char_num,{0} should be at least {1}～{2} characters!
char_num,{0}～{1} characters
warning,Warning
reject,Reject
accept,Accept
reject_all,Reject All
confirm_all,Confirm All
friend_recommend,Friends Recommended
apply,Apply
send,Send
join,Join
translate,Translate
translating,Translating...
chat,Chat
chat_stranger,Chat With Strangers
chat_group,Group Chat
chat_join_group,Join Group Chat
message,Message
quote,Quote
retract,Retract
mention,Mention
retract_self,You retracted a message
retract_other,{0} retracted a message
msg_notify,Message Notification
msg_top,Top News
contact_add,Add Contacts
contact_recent,Most Recent Contact
clan,Clan
application_lsit,Application List
clan_rule,Clan Rules
clan_rank,Clan Rank
clan_requirement_level,Clan Level Requirement
clan_requirement_unreached,{0} requirements not met
clan_score,Clan Scores
clan_member,Clan Members
clan_member_num,Clan Members: {0}/{1}
clan_level,Clan Level
clan_announcement,Clan Announcement
clan_announcement_no,No New Announcements
clan_verify_type,Clan Verification Type
clan_verify_no,No Verification
clan_verify_required,Verification Required
clan_badge,Clan Badge
clan_name,Clan Name
clan_member_list,Member List
clan_leave,Leave Clan
clan_leave_confirm,Do you really want to leave the current clan?
clan_kickout_msg,{0} has been kicked out of {2} by {1}
application_num,Application: {0}/{1}
clan_application,Manage Applications
clan_application_empty,Currently No Application
clan_joined,{0} joined the {1}
clan_exited,{0} has left the clan
clan_setting,Clan Setting
clan_abb_enter,Enter clan name abbreviation
clan_abb_exist,The clan name abbreviation already exists.
clan_join_fail_full,"Failed to join, the current clan is full."
clan_transfer_success,Transfer failed. Please try again later. 
clan_transfer_fail,Transfer Succeeded
clan_leader,General
clan_transfer_tips,"If you quit the clan, the position of general will be automatically transferred to other players. Do you want to continue to quit?"
clan_transfer_confirm,Are you sure you want to hand over the position of General to {0}?
clan_promoted_leader,Promote to General
clan_promoted_msg,{0} was set by {1} to {2}
clan_promoted_confirm,Set {0} to {1}?
clan_power_setting,Permission
clan_power_group,Groups
clan_power_group_add,New Group
clan_power_group_group,Group Full
clan_level_unlock_tips,Unlocks at clan level {0}
name_exist,Name Already Exists
power_kickout,Kick Members
kickout,Kickout
group_manager,Manage Groups
clan_info_setting,Edit Clan Description
clan_notify_setting,Manage Clan Notifications
friend,Friends
friend_my,My Friends
no_profile,No Profile
friend_add,Add Friend
add_success,Added Successfully
online,Online
offline,Offline
friend_list,Friends List
friend_num,Friends: {0}/{1}
apply_success,Apply Successfully
friend_application_recv,Friend requests received ({0}/{1})
friend_application_send,Sent friend request ({0}/{1})
friend_application_recv_empty,No friend requests received
friend_application_send_empty,No friend requests sent
friend_application_cancel,Friend Request Canceled
friend_application_has_send,You have sent a friend request to {0}.
team_recent,Recent Teammates
friend_fail_other_full,"Add failed, the number of friends of this player has reached the upper limit."
friend_fail_self_full,"Add failed, the number of your friends has reached the upper limit."
blacklist,Blacklist
blacklist_add,Add to Blacklist
blacklist_in_send_msg,"Message sending failed, you are in the player's blacklist."
blacklist_in_add_friend,"Failed to send friend request, you are in the player's blacklist."
blacklist_remove,Remove From Blacklist
blacklist_add_confirm,Do you want to blacklist {}? Notice: This player will not be able to send you messages or friend requests.
friend_delete,Delete Friend
friend_delete_confirm,Are you sure you want to unfriend {0}?
battle,Battle
team,Team
team_your,Your Team
invite,Invite
ready,Ready
manage,Manage
leave,Leave
team_id,Team ID
team_setting,Team Settings
team_recruitment_list,Recruitment List
team_public,Public Team
team_invite,Invite Player
team_create_withyou_tips,{0} wants to team up with you!
team_invite_fail_declined,Invitation Declined
team_invite_fail_in_team,"Invitation failed, player is currently in another team."
team_invite_fail_offline,"Invitation failed, player is offline."
team_invite_fail_full,"Unable to invite, your team is full."
team_application_tips,{0} wants to join your team.
team_application_fail_declined,Team Request Denied
team_application_fail_in_team,"Unable to send team request, you are already in the team."
team_share_to_clan,Share to Clan
pls_in_team,Please join the team first.
pls_in_clan,Please join the clan first.
info_persional,Personal Info
avatars,Avatars
frames,Frames
frame_basic,Basic Frame
switch_success,Switch Successfully
rename,Rename
sort_type_name_1,
sort_type_name_2,
clear,Clear
card_effect_1,Ongoing: Your total health is doubled at this location.
card_effect_2,"When you play a unit here, +1 health."
card_effect_3,"Ongoing: When both sides have 4 units in this area, +5 health."
card_effect_4,"Ongoing: For every other unit on your battlefield, self +1 health."
card_effect_5,Ongoing: +1 health if this unit has adjacent units.
card_effect_6,Ongoing: +4 health to adjacent units.
card_effect_7,Ongoing: The reveal effect of the units adjacent to this unit can be triggered twice.
card_effect_8,Ongoing: +5 health if this is your only unit here.
card_effect_9,On Reveal: Give 3 other friendly units +2 health randomly.
card_effect_10,"On Reveal: For each other friendly unit in this area, self has +2 health."
card_effect_11,"On Reveal: When this unit is placed on the last row, it has +2 health to itself."
card_effect_12,"On Reveal: If you play a unit in this location next round, self +2 health."
card_effect_13,Ongoing:  +3 health to all no ability units on your battlefield.
card_effect_14,On Reveal: Removed special effects from all friendly units on the battlefield.
card_effect_15,Ongoing:  -3 health if your opponent has 4 units here.
card_effect_16,On Reveal: +1 health for each card in your hand.
card_effect_17,On Reveal: +2 health to all your Ongoing units on the battlefield.
card_effect_18,"On Reveal: if your opponent played a unit here this turn, +5 health."
card_effect_19,On Reveal: Afflict all enemy units here with -1 health.
card_effect_20,On Reveal: Remove the abilities from all Ongoing units in the opponent's side.
card_effect_21,Reveal: Give -1 HP to all 1-Cost units on the opponent's battlefield.
card_effect_22,"On Reveal: If your opponent played a unit here this turn, +3 health."
card_effect_23,"On Reveal: If the your opponent played the unit in the first rows this turn, that opponent's unit -2 health."
card_effect_25,On Reveal: Opponent's unit in the first row of this location -1 health.
card_effect_26,On Reveal: All units in the back row on the opponent field -1 health.
card_effect_27,"On Reveal: When this unit is played in the last row of the location , all opponent's unit here will -1 health."
card_effect_28,On Reveal: Remove the abilities from oppoent's unit in the same location as this unit.
card_effect_30,On Reveal: Draw 1 card from the top of your deck.
card_effect_31,On Reveal: Retriggers the On Reveal abilities of your other units at this location.
card_effect_32,"On Reveal: Next turn, both players can only play cards in this location."
card_effect_33,"At the end of each turn, self +1 health for each enegry of unspent cost."
card_effect_34,On Reveal: Move all opponent's units in here forward by 1 space.
card_effect_35,"On Reveal: Next turn, both sides can move units into this location."
card_effect_36,"In this location, whenever a unit moves, self +1 health."
card_effect_37,On Reveal: Move the unit with the most health on our battlefield to the back of this unit.
card_effect_39,On Reveal: Move all units on your battlefield to the left by 1 space.
card_effect_40,On Reveal: Swap the positions of all units in your two location.
card_effect_41,"When this moves, +3 health."
card_effect_42,"If the unit is moving to the last row, +3 health."
card_effect_43,"On the 3rd turn, if a unit moves to here, destroy the unit."
card_effect_44,On Reveal: Move the first unit played by the opponent this turn to here.
card_effect_45,On Reveal: Moves the next unit you play 1 block to the right.
card_effect_46,This unit can move once per turn.
card_effect_48,No Ability
card_effect_49,No Ability
card_effect_50,No Ability
card_effect_51,No Ability
card_effect_52,No Ability
card_effect_53,No Ability
card_effect_54,"On Reveal: Merga this card to an adjacent unit, and the target unit gains that unit's health."
card_effect_55,"When you play a unit here, +1 health."
card_effect_56,"Ongoing: For every other unit on your battlefield, self +1 health."
card_effect_57,Ongoing: +2 health if this unit has adjacent units.
card_effect_58,Ongoing: +2 health to adjacent units.
card_effect_59,Ongoing: The reveal effect of the units adjacent to this unit can be triggered twice.
card_effect_60,On Reveal: +4 health if this is your only unit here.
card_effect_61,"On Reveal: For each other friendly unit in this area, self has +2 health."
card_effect_62,"On Reveal: When this unit is placed on the last row, it has +2 health to itself."
card_effect_63,"On Reveal: If you play a unit in this location next round, self +4 health."
card_effect_64,On Reveal:  +2 health to all no ability units on your battlefield.
card_effect_65,On Reveal: Removed special effects from all friendly units on the battlefield.
card_effect_66,Ongoing:  -3 health if your opponent has 4 units here.
card_effect_67,On Reveal: +1 health for each card in your hand.
card_effect_68,On Reveal: +2 health to all your Ongoing units on the battlefield.
card_effect_70,On Reveal: Remove the abilities from all Ongoing units in the opponent's side.
card_effect_71,"On Reveal: If your opponent played a unit here this turn, +4 health."
card_effect_72,On Reveal: All units in the back row on the opponent field -1 health.
card_effect_73,"On Reveal: When this unit is played in the last row of the location , all opponent's unit here will -1 health."
card_effect_74,On Reveal: Remove the abilities from oppoent's unit in the same location as this unit.
card_effect_75,On Reveal: Draw 1 card from the top of your deck.
card_effect_76,On Reveal: Retriggers the On Reveal abilities of your other units at this location.
card_effect_77,"On Reveal: Next round, both players can only place units in this location."
card_effect_78,"At the end of each turn, self +1 health for each enegry of unspent cost."
card_effect_79,On Reveal: Move all opponent's units in here forward by 1 space.
card_effect_80,"On Reveal: Next turn, both sides can move units into this location."
card_effect_81,"In this location, whenever another unit moves, self +1 health."
card_effect_81,On Reveal: Move the unit with the most health on our battlefield to the back of this unit.
card_effect_84,On Reveal: Move all units on your battlefield to the left by 1 space.
card_effect_85,On Reveal: Swap the positions of all units in your two location.
card_effect_86,"When this unit moves, self +2 health."
card_effect_87,"If the unit is moving to the last row, +3 health."
card_effect_88,No Ability
card_effect_89,No Ability
card_effect_90,No Ability
card_effect_91,No Ability
card_effect_92,No Ability
card_effect_93,No Ability
card_effect_94,Ongoing: Give all On Reveal units on your battlefield +2 health.
card_effect_95,Ongoing: Give all On Reveal units on your battlefield +1 health.
card_effect_96,On Reveal: Draw 1 card from the top of your opponent's deck.
card_effect_97,On Reveal: Draw 1 card from the top of your opponent's deck.
card_effect_98,"On Reveal: If the opponent has played a unit in the back row of this location this round, self +3 health."
card_effect_99,"On Reveal: If the opponent has played a unit in the back row of this location this round, self +2 health."
card_effect_100,"When a unit moves to this location, self +2 health."
card_effect_101,"When a unit moves to this location, self +1 health."
card_effect_102,On Reveal: Opponent's unit in the same row in this location -2 health.
card_effect_103,On Reveal: Opponent's unit in the same row in this location -1 health.
card_effect_104,On Reveal: Doubled Ongoing ability if unit adjacent to this unit in this location.
card_effect_105,On Reveal: Doubled Ongoing ability if unit adjacent to this unit in this location.
card_effect_106,On Reveal: Moves the next unit you play 1 block to the right.
card_effect_107,On Reveal: Opponent cannot play or remove units to this location for the next turn.