Key,Content
account,账户
account_89t_login_desc,注册即表示您同意我们的服务条款和隐私政策。
account_89t_login_title,89T账号登陆
account_connect_desc,为了您的账号安全，建议绑定关联账号，以免进度丢失！
account_connect_title,账号绑定
account_delete,删除账号
account_delete_desc_1,你是否想要删除你的账号
account_delete_desc_2,你确认要删除你的账号？
account_delete_desc_warning_1,这个将删除你的记录及所有关联的数据，这个操作不可回退！
account_delete_desc_warning_2,"您的帐户和相关数据将在本赛季结束时删除。

提示：如果您有自动续订订阅，请前往 Apple ID/Google Play 设置取消。"
account_delete_error,账号删除失败
account_delete_id_error,id输入错误
account_delete_input_preaceholder,请输入你的ID以确认
account_guest_bind,游客账号绑定
account_log_out,登出
account_login,登陆/注册
account_login_fail,登陆失败
account_switch,账号切换
account_verify_desc_format,验证码已经发送给{0}，请输入验证码以继续
account_verify_error,验证码错误，请检查后重新输入
account_verify_title,验证码
achievement,成就
active,激活
apple_login,使用苹果账户登陆
apply,接受
back,返回
battle_card_less_error,你的卡组中缺少卡牌！添加卡牌至卡组才能在战斗中使用
blood_bar,血条
bp_get_advance_tips,解锁战斗令牌后解锁
bp_name,战斗令牌
bp_purchase_desc,立即付费解锁更多奖励！
bp_reward_lock,完成进度以解锁奖励
bp_unlock_tips,奖励未解锁
cancel,取消
card,卡牌
card_desc_normal,请更新新版本查看卡牌技能效果
card_family,族谱
card_family_detail_card_number,卡牌数量
card_family_detail_max_level,满级卡牌数量
card_family_detail_split,卡牌分裂次数
card_group_join_limit_error,卡组已满
card_group_paste_format_error,输入的文本格式错误，请检查后重试
card_group_paste_limit_error,输入的卡牌数量超出限制，请检查后重试
card_group_paste_missing_error,缺少部分卡牌
card_join,上阵
card_name_title,同名卡
card_none,默认
card_remove,下阵
card_skin,变体
card_split,分裂
card_split_desc,确定花费{0}进行分裂，并获得一张分卡
card_upgrade_desc,确定要花费{0}去升级卡牌并获得{1}经验
chat_add_friend,添加好友
chat_chat,聊天
chat_friend,好友
chat_no_find,没有找到聊天信息
chat_search_placeholder,用户/分组ID
claim,领取
claim_fail,领取失败
claim_lv_Insufficient_format,达到{0}级可领取
claimed,已领取
clan,联盟
clan_no_clan,没有联盟
close,关闭
coming_soon,敬请期待
communities,社区
confirm,确定
conins,金币
connect_close,连接关闭
connect_error,绑定错误
connect_error_btn,重新链接
connect_error_msg,链接失败
contact_us,联系我们
delete,删除
edit,编辑
effects,特效
email_error,邮箱格式错误，请检查后重新输入
email_input_preaceholder,请输入邮箱
ends_in,结束于
exp_desc,升级卡牌，踏上西行之路，取得真经
exp_info_desc,经验是玩家升级的重要指标，玩家可以通过完成任务获得经验，经验越多，等级越高，等级越高，玩家可以获得更多的奖励。
exp_title,成长之路
exp_unlock_desc_format,升级到{0}解锁
filter,筛选
finish,完成
follow_us,联系我们
free,免费
gems,钻石
google_play,谷歌play
great_value,超值
group,分组
growth_box,成长宝箱
growth_road,成长之路
q,每次获取{0}成长点数，你就可以获得1个宝箱
guest,游客
help,帮助
home,首页
inbox,邮箱
info,详情
Key,Chinese
loading,加载
max,最大
merge,合成
merge_desc,消耗{0}~{1}张带花色的重复卡牌可以获得一张顶级编号卡
merge_title,卡牌合成
more,更多
news,新闻
normal,基础
notice,通知
ok,好的
paste,粘贴
pattern,花色
play,开战
privacy_policy,隐私协议
purchase,购买
purchase_confirm_desc,你确定要花费{0}去购买{1}
purchased,已购买
rank_arena_desc,完成比赛获得分数解锁更多奖励！
rank_arena_name,段位排行
recently_use,最近使用
recommend,推荐
refresh_in,刷新于
rename_desc,请输入你的新名称
rename_placeholder,请输入名称以确认
rename_title,重命名
replace,替换
resource_101,金币
resource_132,随机宝箱
resource_2,绿钻
resource_201,宝石
resource_3,专属代币
resource_30,卡牌
resource_301,合成币
resource_5,随机卡牌
resource_desc_32,宝箱中可以开出卡牌和其他资源
resource_232,青铜宝箱
resource_332,白银宝箱
resource_432,黄金宝箱
resource_4,随机代币
resource_401,分裂币
resource_501,魔法粉尘
resource_desc_101,游戏内通用货币
resource_desc_2,付费货币
resource_desc_201,游戏内贵重货币
resource_desc_3,专属代币
resource_desc_30,获得新的卡牌
resource_desc_301,合成币用于卡牌合成
resource_desc_5,获得随机卡牌
resource_desc_4,随机的专属代币
resource_desc_401,分裂币用于卡牌分裂
resource_desc_501,粉尘可用于在商店兑换卡牌
resource_not_enough_101,金币不足
resource_not_enough_102,绿钻不足
resource_not_enough_201,宝石不足
resource_not_enough_common,物品不足
rewards,奖励
save,保存
season_format,赛季{0}
setting,设置
setting_game_setting,游戏设置
setting_user_setting,用户设置
share,分享
shop,商店
shop_tab_resource,资源
shop_tab_supply,供给
shop_window_quick_up,快速升级
shop_window_quick_up_desc,购买剩余专属代币升级！
social_account,第三方账号
sort,排序
submit,提交
support,支持
task_all_clear,任务已全部完成
task_claim_success,任务奖励领取成功
task_claim_title,奖章获取
task_no_find,没有找到数据
task_refresh_desc,确认要刷新选中的任务？
task_title_1,每日任务
task_title_2,每周任务
task_title_3,赛季任务
team,战队
terms_desc_format,"使用条款{0},隐私协议{1}"
terms_of_service,服务条款
terms_of_use,使用条款
tips_empty,输入不能为空
upgrade,升级
use,使用
user,用户
water_fee,圣水消耗
lv_format,Lv. {0}
max_lv_card_num,满级卡牌数量
card_split_times,卡牌分裂次数
number_of_id_cards,编号卡数量
acquisition_time,获取时间
card_merge_tips,确定花费{0}进行合成并获得一张编号卡
duplicate_res_convert,重复资源转换
growth_chest_unlock_tip,达到{0}级可解锁成长宝箱
copy,复制
copy_failed,复制失败
copied,已复制
create,创建
created,创建{0}
create_success,创建成功
cant_empty,不能为空
search,搜索
search_advanced,高级搜索
search_failed,搜索失败，请重试。
search_no_results,找不到结果。
id_colon,ID：
enter_nameOrID,请输入{0}昵称或者ID
enter_name,请输入{0}名称
info,信息
unlimited,不限
limit_char_num,{0}限{1}～{2}个字符！
char_num,{0}~{1}个字符
warning,警告
reject,拒绝
accept,接受
reject_all,一键拒绝
confirm_all,一键确认
friend_recommend,好友推荐
apply,申请
send,发送
join,加入
translate,翻译
translating,翻译中...
chat,聊天
chat_stranger,陌生人聊天
chat_group,群聊
chat_join_group,加入群聊
message,消息
quote,引用
retract,撤回
mention,提及
retract_self,你撤回了一条消息
retract_other,{0}撤回了一条消息
msg_notify,消息提醒
msg_top,消息置顶
contact_add,添加联系人
contact_recent,最近联系人
clan,公会
application_lsit,申请列表
clan_rule,公会说明
clan_rank,公会排行榜
clan_requirement_level,公会等级限制
clan_requirement_unreached,未达到入会{0}限制
clan_score,公会分数
clan_member,公会成员
clan_member_num,公会成员：{0}/{1}
clan_level,公会等级
clan_announcement,公会公告
clan_announcement_no,该公会当前暂无新公告
clan_verify_type,公会验证类型
clan_verify_no,所有人可加入
clan_verify_required,需要验证加入
clan_badge,公会徽章
clan_name,公会名称
clan_member_list,成员列表
clan_leave,退出公会
clan_leave_confirm,是否要退出当前公会？
clan_kickout_msg,{0}被{1}踢出了{2}
application_num,申请数：{0}/{1}
clan_application,入会申请
clan_application_empty,当前无申请
clan_joined,{0}加入了{1}
clan_exited,{0}退出了{1}
clan_setting,公会设置
clan_abb_enter,请输入公会缩写
clan_abb_exist,该公会缩写已存在。
clan_join_fail_full,加入失败，当前公会人数已满。
clan_transfer_success,转让失败，请稍后再尝试。
clan_transfer_fail,转让成功
clan_leader,会长
clan_transfer_tips,退出公会，会长之位会自动转让给其他玩家，是否继续退出？
clan_transfer_confirm,是否将会长之位移交给{0}?
clan_promoted_leader,升为会长
clan_promoted_msg,{0}被{1}设置为{2}
clan_promoted_confirm,将{0}设置为{1}?
clan_power_setting,权限设置
clan_power_group,分组
clan_power_group_add,新建分组
clan_power_group_group,分组已满
clan_level_unlock_tips,公会等级达到{0}级解锁
name_exist,名称重复
power_kickout,踢人权限
kickout,踢出
group_manager,分组管理
clan_info_setting,公会信息设置
clan_notify_setting,公会通知设置
friend,好友
friend_my,我的好友
no_profile,暂无简介
friend_add,加好友
add_success,添加成功
online,在线
offline,离线
friend_list,好友列表
friend_num,好友：{0}/{1}
apply_success,申请成功
friend_application_recv,收到的好友申请（{0}/{1}）
friend_application_send,发送的好友申请（{0}/{1}）
friend_application_recv_empty,尚未收到好友申请
friend_application_send_empty,尚未发送好友申请
friend_application_cancel,已取消好友申请
friend_application_has_send,你已向{0}发送好友申请。
team_recent,近期组队
friend_fail_other_full,添加失败，该玩家的好友数量已达上限。
friend_fail_self_full,添加失败，您的好友数量已达上限。
blacklist,黑名单
blacklist_add,加入黑名单
blacklist_in_send_msg,消息发送失败，你已被该玩家拉入黑名单。
blacklist_in_add_friend,好友申请发送失败，你已被对方拉入黑名单。
blacklist_remove,移出黑名单
blacklist_add_confirm,是否要将{}加入黑名单？注意：该玩家将无法发送信息或好友申请给你。
friend_delete,删除好友
friend_delete_confirm,是否确定要解除与{0}的好友关系？
battle,切磋
team,战队
team_your,你的战队
invite,邀请
ready,准备
manage,管理
leave,离开
team_id,战队ID
team_setting,战队设置
team_recruitment_list,招募列表
team_public,公开战队
team_invite,邀请玩家
team_create_withyou_tips,{0}想和你组队游戏！
team_invite_fail_declined,邀请被拒绝
team_invite_fail_in_team,邀请失败，玩家目前已加入其他小队。
team_invite_fail_offline,邀请失败，玩家已下线。
team_invite_fail_full,无法邀请，您的小队已满。
team_application_tips,{0}想加入你的小队。
team_application_fail_declined,组队请求被拒绝
team_application_fail_in_team,无法发送组队请求，您已经在小队中。
team_share_to_clan,分享到公会
pls_in_team,请先加入小队。
pls_in_clan,请先加入公会。
info_persional,个人信息
avatars,头像
frames,头像框
frame_basic,基础头像框
switch_success,切换成功
rename,重新命名
sort_type_name_1,水费
sort_type_name_2,最近获得
clear,清除
card_effect_1,持续：使我方该区域总血量翻倍。
card_effect_2,我方在该区域放置单位时，自身 +1 血量。
card_effect_3,持续：双方都在此区域拥有4个单位时，自身 +5 血量。
card_effect_4,持续：我方战场每有1个其它单位，自身 +1 血量。
card_effect_5,持续：若该单位有相邻单位，自身 +1 血量。
card_effect_6,持续：为相邻的单位 +4 血量。
card_effect_7,持续：在此区域中，与该单位相邻位置内的单位揭示效果可触发两次。
card_effect_8,持续：若此单位是你在该区域中唯一单位，则自身 +5 血量。
card_effect_9,揭示：随机选择我方战场上其他3个单位，使其 +2 血量。
card_effect_10,揭示：在此区域中，每有一个其他我方单位，自身 +2 血量。
card_effect_11,揭示：该单位在我方区域后排放置时，自身 +2 血量。
card_effect_12,揭示：若下回合我方在本区域放置了单位，则自身 +2 血量。
card_effect_13,持续：使我方战场上无特殊效果的单位 +3 血量。
card_effect_14,揭示：移除战场上所有我方单位的特殊效果。
card_effect_15,持续：敌方在该区域有4个单位时，自身 -3 血量。
card_effect_16,揭示：为我方手牌中的卡牌 +1 血量。
card_effect_17,揭示：为战场上所有我方有持续技能的单位 +2 血量。
card_effect_18,揭示：若敌方本回合在相同位置放置了单位，自身 +5 血量。
card_effect_19,揭示：使敌方此区域中所有单位 -1 血量。
card_effect_20,揭示：移除敌方该区域所有单位的持续效果。
card_effect_21,揭示：使敌方战场上所有1费单位 -1 血量。
card_effect_22,揭示：若敌方本回合在该区域放置了单位，为自身 +3 血量。
card_effect_23,揭示：若敌方本回合在本区域前排放置了单位，则对方该单位 -2 血量。
card_effect_25,揭示：敌方本区域第一排的单位 -1 血量。
card_effect_26,揭示：敌方战场上后排的所有单位 -1 血量。
card_effect_27,揭示：该单位在我方最后一排放置时，使敌方本区域内所有单位 -1 血量。
card_effect_28,揭示：移除敌方与该单位相同位置单位的特殊效果。
card_effect_30,揭示：从我方牌库顶端抽 1 张牌。
card_effect_31,揭示：重新触发该区域所有单位的揭示效果。
card_effect_32,揭示：下回合双方玩家只能在该区域放置卡牌。
card_effect_33,每回合结束时，每有一点未消耗的费用，自身 +1 血量。
card_effect_34,揭示：将敌方本区域内所有单位向前移动1格。
card_effect_35,揭示：下个回合中，双方均可将自己的单位移动至本区域中。
card_effect_36,在该区域中，每当有卡牌进行移动时，自身 +1 血量。
card_effect_37,揭示：将我方战场上血量最大的单位移动至该单位的后方。
card_effect_39,揭示：使我方战场上所有单位向左移动1格。
card_effect_40,揭示：使我方左右两个区域内的所有单位的位置进行互换。
card_effect_41,该单位移动时，自身 +3 血量。
card_effect_42,若该单位移动后处在最后一排时，自身 +3 血量。
card_effect_43,在第3回合时，若有单位移动至该区域，则摧毁该单位。
card_effect_44,揭示：将本回合对手放置的首个单位，移动至此区域。
card_effect_45,揭示：使你放置的下一个单位向右移动1格。
card_effect_46,该单位每回合的准备阶段皆可移动一次。
card_effect_48,无特殊效果
card_effect_49,无特殊效果
card_effect_50,无特殊效果
card_effect_51,无特殊效果
card_effect_52,无特殊效果
card_effect_53,无特殊效果
card_effect_54,揭示：将此牌附着在相邻单位身上，目标单位会获得该单位的血量。
card_effect_55,我方在该区域放置单位时，自身 +1 血量。
card_effect_56,持续：我方战场每有1个其它单位，自身 +1 血量。
card_effect_57,持续：若该单位有相邻单位，自身 +2 血量。
card_effect_58,持续：为相邻的单位 +2 血量。
card_effect_59,持续：在此区域中，与该单位相邻位置内的单位揭示效果可触发两次。
card_effect_60,揭示：若此单位是你在该区域中唯一单位，则自身 +4 血量。
card_effect_61,揭示：在此区域中，每有一个其他我方单位，自身 +2 血量。
card_effect_62,揭示：该单位在我方区域后排放置时，自身 +2 血量。
card_effect_63,揭示：若下回合我方在本区域放置了单位，则自身 +4 血量。
card_effect_64,揭示：使我方战场上无特殊效果的单位 +2 血量。
card_effect_65,揭示：移除战场上所有我方单位的特殊效果。
card_effect_66,持续：敌方在该区域有4个单位时，自身 -3 血量。
card_effect_67,揭示：为我方手牌中的卡牌 +1 血量。
card_effect_68,揭示：为战场上所有我方有持续技能的单位 +2 血量。
card_effect_70,揭示：移除敌方该区域所有单位的持续效果。
card_effect_71,揭示：若敌方本回合在该区域放置了单位，为自身 +4 血量。
card_effect_72,揭示：敌方战场上后排的所有单位 -1 血量。
card_effect_73,揭示：该单位在我方最后一排放置时，使敌方本区域内所有单位 -1 血量。
card_effect_74,揭示：移除敌方与该单位相同位置单位的特殊效果。
card_effect_75,揭示：从我方牌库顶端抽 1 张牌。
card_effect_76,揭示：重新触发该区域所有单位的揭示效果。
card_effect_77,揭示：下回合双方玩家只能在该区域放置单位。
card_effect_78,每回合结束时，每有一点未消耗的费用，自身 +1 血量。
card_effect_79,揭示：将敌方本区域内所有单位向前移动1格。
card_effect_80,揭示：下个回合中，双方均可将自己的单位移动至本区域中。
card_effect_81,在该区域中，每当有其它单位进行移动时，自身 +1 血量。
card_effect_81,揭示：将我方战场上血量最大的单位移动至该单位的后方。
card_effect_84,揭示：使我方战场上所有单位向左移动1格。
card_effect_85,揭示：使我方左右两个区域内的所有单位的位置进行互换。
card_effect_86,该单位移动时，自身 +2 血量。
card_effect_87,若该单位移动后处在最后一排时，自身 +3 血量。
card_effect_88,无特殊效果
card_effect_89,无特殊效果
card_effect_90,无特殊效果
card_effect_91,无特殊效果
card_effect_92,无特殊效果
card_effect_93,无特殊效果
card_effect_94,持续：使我方战场上所有揭示技能单位 +2 血量。
card_effect_95,持续：使我方战场上所有揭示技能单位 +1 血量。
card_effect_96,揭示：从对手牌库顶端抽 1 张牌。
card_effect_97,揭示：从对手牌库顶端抽 1 张牌。
card_effect_98,揭示：若敌方本回合在本区域后排放置了单位，则自身 +3 血量。
card_effect_99,揭示：若敌方本回合在本区域后排放置了单位，则自身 +2 血量。
card_effect_100,有单位移动至该区域时，自身 +2 血量。
card_effect_101,有单位移动至该区域时，自身 +1 血量。
card_effect_102,揭示：敌方本区域同列单位 -2 血量。
card_effect_103,揭示：敌方本区域同列单位 -1 血量。
card_effect_104,揭示：在此区域中，与该单位相邻位置内的单位持续效果翻倍。
card_effect_105,揭示：在此区域中，与该单位相邻位置内的单位持续效果翻倍。
card_effect_106,揭示：使你放置的下一个单位向右移动1格。
card_effect_107,揭示：下个回合中，敌方无法在该区域添加或移除单位。